{
    "lights": {
      "0": {
        "type": "point",
        "position": [
          -0.9100000000000004,
          2.3,
          2.53
        ],
        "intensity": 1.1586479857089982,
        "color": [
          0.93,
          0.98,
          1
        ],
        "life_intervals": [[null, null]]
      },
      "1": {
        "type": "point",
        "position": [
          -1.4000000000000001,
          2.3,
          -0.17500000000000016
        ],
        "intensity": 1.1586479857089982,
        "color": [
          0.93,
          0.98,
          1
        ],
        "life_intervals": [[null, null]]
      },
      "2": {
        "type": "point",
        "position": [
          -1.4,
          2.3,
          -2.7750000000000004
        ],
        "intensity": 1.1586479857089982,
        "color": [
          0.93,
          0.98,
          1
        ],
        "life_intervals": [[null, null]]
      },
      "3": {
        "type": "point",
        "position": [
          6.928,
          3.3,
          6.849
        ],
        "intensity": 4.45633840657307,
        "color": [
          1,
          1,
          1
        ],
        "life_intervals": [[null, null]]
      },
      "4": {
        "type": "point",
        "position": [
          7.048,
          3.3,
          2.3780000000000014
        ],
        "intensity": 7.321127382227186,
        "color": [
          1,
          1,
          1
        ],
        "life_intervals": [[null, null]]
      },
      "5": {
        "type": "point",
        "position": [
          1.0026700000000002,
          1.75,
          2.3869999999999996
        ],
        "intensity": 0.9803944494460753,
        "color": [
          1,
          1,
          0.95
        ],
        "life_intervals": [[null, null]]
      },
      "6": {
        "type": "point",
        "position": [
          1.5,
          1.5,
          6.9
        ],
        "intensity": 0.9803944494460753,
        "color": [
          1,
          1,
          0.95
        ],
        "life_intervals": [[null, null]]
      },
      "7": {
        "type": "point",
        "position": [
          1.65,
          2.6,
          -2.03
        ],
        "intensity": -1.336901521971921,
        "color": [
          1,
          1,
          1
        ],
        "life_intervals": [[null, null]]
      },
      "8": {
        "type": "point",
        "position": [
          6.06,
          2.6,
          -2.67
        ],
        "intensity": -2.673803043943842,
        "color": [
          1,
          1,
          1
        ],
        "life_intervals": [[null, null]]
      },
      "9": {
        "type": "point",
        "position": [
          0.3,
          0.5,
          -0.8
        ],
        "intensity": -0.3565070725258456,
        "color": [
          1,
          1,
          1
        ],
        "life_intervals": [[null, null]]
      },
      "10": {
        "type": "point",
        "position": [
          0.3,
          -0.3,
          -0.1
        ],
        "intensity": -0.22281692032865347,
        "color": [
          1,
          1,
          1
        ],
        "life_intervals": [[null, null]]
      },
      "11": {
        "type": "point",
        "position": [
          0.8,
          0.6,
          2.099
        ],
        "intensity": -0.4901972247230377,
        "color": [
          1,
          1,
          1
        ],
        "life_intervals": [[null, null]]
      },
      "12": {
        "type": "point",
        "position": [
          1.4,
          0.6,
          2.4
        ],
        "intensity": -0.4901972247230377,
        "color": [
          1,
          1,
          1
        ],
        "life_intervals": [[null, null]]
      },
      "13": {
        "type": "point",
        "position": [
          1.95,
          0.4,
          5.85
        ],
        "intensity": -0.3183098861837907,
        "color": [
          1,
          1,
          1
        ],
        "life_intervals": [[null, null]]
      },
      "14": {
        "type": "point",
        "position": [
          2.9,
          0.7,
          9.0991
        ],
        "intensity": -1.7825353626292277,
        "color": [
          1,
          1,
          1
        ],
        "life_intervals": [[null, null]]
      },
      "15": {
        "type": "point",
        "position": [
          -2.7,
          0.8,
          -1.5
        ],
        "intensity": -0.6684507609859605,
        "color": [
          1,
          1,
          1
        ],
        "life_intervals": [[null, null]]
      }
    }
  }