{
	"class_name" : "PinholeCameraParameters",
	"extrinsic" : 
	[
		0.114056152852629,
		-0.9292550509462062,
		0.3513918671332924,
		0.0,
		0.52281739891844947,
		-0.24461902326975327,
		-0.81659261620633017,
		0.0,
		0.84477994849819005,
		0.27685119422808269,
		0.45793040395881102,
		0.0,
		-0.66766834532742869,
		-0.067926919106525332,
		1.2929151057704307,
		1.0
	],
	"intrinsic" : 
	{
		"height" : 1080,
		"intrinsic_matrix" : 
		[
			935.30743608719376,
			0.0,
			0.0,
			0.0,
			935.30743608719376,
			0.0,
			959.5,
			539.5,
			1.0
		],
		"width" : 1920
	},
	"version_major" : 1,
	"version_minor" : 0
}