{
	"class_name" : "PinholeCameraParameters",
	"extrinsic" : 
	[
		-0.027786428859085575,
		-0.57666014884790562,
		0.81651147395610468,
		0.0,
		0.32471122136767117,
		0.76732348242415682,
		0.55297133383058861,
		0.0,
		-0.94540495931065138,
		0.28049553659760146,
		0.16592684189018181,
		0.0,
		2.0828751543260218,
		8.2987805112235939,
		20.957774567698362,
		1.0
	],
	"intrinsic" : 
	{
		"height" : 1328,
		"intrinsic_matrix" : 
		[
			1150.0817362257346,
			0.0,
			0.0,
			0.0,
			1150.0817362257346,
			0.0,
			1279.5,
			663.5,
			1.0
		],
		"width" : 2560
	},
	"version_major" : 1,
	"version_minor" : 0
}